name,region,country,country_code,logs,tag:name1,tag:kind1,tag:tag1,tag:name2,tag:kind2,tag:tag2,boundary_opt,network_type,street_types,gap_grid,zone_grid,download_images,city_accuracy,executed
Leiden,Zuid-Holland,the Netherlands,NL,1,amenities,point,"{""amenity"": ""True""}",landuse,polygon,"{""landuse"": ""True""}",region,all,all,50,boundary,1,1,0
Rotterdam,Zuid-Holland,the Netherlands,NL,1,amenities,point,"{""amenity"": ""True""}",landuse,polygon,"{""landuse"": ""True""}",region,all,all,50,boundary,1,1,0
Haarlem,Noord-Holland,the Netherlands,NL,1,amenities,point,"{""amenity"": ""True""}",landuse,polygon,"{""landuse"": ""True""}",region,all,all,50,boundary,1,1,0
Amsterdam,Noord-Holland,the Netherlands,NL,1,amenities,point,"{""amenity"": ""True""}",landuse,polygon,"{""landuse"": ""True""}",region,all,all,50,boundary,1,1,0
Delft,Zuid-Holland,the Netherlands,NL,1,amenities,point,"{""amenity"": ""True""}",landuse,polygon,"{""landuse"": ""True""}",region,all,all,50,boundary,1,1,0
Zoetermeer,Zuid-Holland,the Netherlands,NL,1,amenities,point,"{""amenity"": ""True""}",landuse,polygon,"{""landuse"": ""True""}",region,all,all,50,boundary,1,1,0
Nijmegen,Gelderland,the Netherlands,NL,1,amenities,point,"{""amenity"": ""True""}",landuse,polygon,"{""landuse"": ""True""}",region,all,all,50,boundary,1,1,0
Schiedam,Zuid-Holland,the Netherlands,NL,1,amenities,point,"{""amenity"": ""True""}",landuse,polygon,"{""landuse"": ""True""}",region,all,all,50,boundary,1,1,0
Gouda,Zuid-Holland,the Netherlands,NL,1,amenities,point,"{""amenity"": ""True""}",landuse,polygon,"{""landuse"": ""True""}",region,all,all,50,boundary,1,1,0
Purmerend,Noord-Holland,the Netherlands,NL,1,amenities,point,"{""amenity"": ""True""}",landuse,polygon,"{""landuse"": ""True""}",region,all,all,50,boundary,1,1,0
's-Gravenhage,Zuid-Holland,the Netherlands,NL,1,amenities,point,"{""amenity"": ""True""}",landuse,polygon,"{""landuse"": ""True""}",region,all,all,50,boundary,1,1,0
Amersfoort,Utrecht,the Netherlands,NL,1,amenities,point,"{""amenity"": ""True""}",landuse,polygon,"{""landuse"": ""True""}",region,all,all,50,boundary,1,1,0
Maastricht,Limburg,the Netherlands,NL,1,amenities,point,"{""amenity"": ""True""}",landuse,polygon,"{""landuse"": ""True""}",region,all,all,50,boundary,1,1,0
Eindhoven,Noord-Brabant,the Netherlands,NL,1,amenities,point,"{""amenity"": ""True""}",landuse,polygon,"{""landuse"": ""True""}",region,all,all,50,boundary,1,1,0
Amstelveen,Noord-Holland,the Netherlands,NL,1,amenities,point,"{""amenity"": ""True""}",landuse,polygon,"{""landuse"": ""True""}",region,all,all,50,boundary,1,1,0
Utrecht,Utrecht,the Netherlands,NL,1,amenities,point,"{""amenity"": ""True""}",landuse,polygon,"{""landuse"": ""True""}",region,all,all,50,boundary,1,1,0
Zaanstad,Noord-Holland,the Netherlands,NL,1,amenities,point,"{""amenity"": ""True""}",landuse,polygon,"{""landuse"": ""True""}",region,all,all,50,boundary,1,1,0
Vlaardingen,Zuid-Holland,the Netherlands,NL,1,amenities,point,"{""amenity"": ""True""}",landuse,polygon,"{""landuse"": ""True""}",region,all,all,50,boundary,1,1,0
Helmond,Noord-Brabant,the Netherlands,NL,1,amenities,point,"{""amenity"": ""True""}",landuse,polygon,"{""landuse"": ""True""}",region,all,all,50,boundary,1,1,0
Hilversum,Noord-Holland,the Netherlands,NL,1,amenities,point,"{""amenity"": ""True""}",landuse,polygon,"{""landuse"": ""True""}",region,all,all,50,boundary,1,1,0
Heerlen,Limburg,the Netherlands,NL,1,amenities,point,"{""amenity"": ""True""}",landuse,polygon,"{""landuse"": ""True""}",region,all,all,50,boundary,1,1,0
Leidschendam-Voorburg,Zuid-Holland,the Netherlands,NL,1,amenities,point,"{""amenity"": ""True""}",landuse,polygon,"{""landuse"": ""True""}",region,all,all,50,boundary,1,1,0
Arnhem,Gelderland,the Netherlands,NL,1,amenities,point,"{""amenity"": ""True""}",landuse,polygon,"{""landuse"": ""True""}",region,all,all,50,boundary,1,1,0
Westland,Zuid-Holland,the Netherlands,NL,1,amenities,point,"{""amenity"": ""True""}",landuse,polygon,"{""landuse"": ""True""}",region,all,all,50,boundary,1,1,0
Tilburg,Noord-Brabant,the Netherlands,NL,1,amenities,point,"{""amenity"": ""True""}",landuse,polygon,"{""landuse"": ""True""}",region,all,all,50,boundary,1,1,0
Sittard-Geleen,Limburg,the Netherlands,NL,1,amenities,point,"{""amenity"": ""True""}",landuse,polygon,"{""landuse"": ""True""}",region,all,all,50,boundary,1,1,0
Dordrecht,Zuid-Holland,the Netherlands,NL,1,amenities,point,"{""amenity"": ""True""}",landuse,polygon,"{""landuse"": ""True""}",region,all,all,50,boundary,1,1,0
Hengelo,Overijssel,the Netherlands,NL,1,amenities,point,"{""amenity"": ""True""}",landuse,polygon,"{""landuse"": ""True""}",region,all,all,50,boundary,1,1,0
Nissewaard,Zuid-Holland,the Netherlands,NL,1,amenities,point,"{""amenity"": ""True""}",landuse,polygon,"{""landuse"": ""True""}",region,all,all,50,boundary,1,1,0
Breda,Noord-Brabant,the Netherlands,NL,1,amenities,point,"{""amenity"": ""True""}",landuse,polygon,"{""landuse"": ""True""}",region,all,all,50,boundary,1,1,0
's-Hertogenbosch,Noord-Brabant,the Netherlands,NL,1,amenities,point,"{""amenity"": ""True""}",landuse,polygon,"{""landuse"": ""True""}",region,all,all,50,boundary,1,1,0
Zwolle,Overijssel,the Netherlands,NL,1,amenities,point,"{""amenity"": ""True""}",landuse,polygon,"{""landuse"": ""True""}",region,all,all,50,boundary,1,1,0
Almere,Flevoland,the Netherlands,NL,1,amenities,point,"{""amenity"": ""True""}",landuse,polygon,"{""landuse"": ""True""}",region,all,all,50,boundary,1,1,0
Alkmaar,Noord-Holland,the Netherlands,NL,1,amenities,point,"{""amenity"": ""True""}",landuse,polygon,"{""landuse"": ""True""}",region,all,all,50,boundary,1,1,0
Enschede,Overijssel,the Netherlands,NL,1,amenities,point,"{""amenity"": ""True""}",landuse,polygon,"{""landuse"": ""True""}",region,all,all,50,boundary,1,1,0
Groningen,Groningen,the Netherlands,NL,1,amenities,point,"{""amenity"": ""True""}",landuse,polygon,"{""landuse"": ""True""}",region,all,all,50,boundary,1,1,0
Alphen aan den Rijn,Zuid-Holland,the Netherlands,NL,1,amenities,point,"{""amenity"": ""True""}",landuse,polygon,"{""landuse"": ""True""}",region,all,all,50,boundary,1,1,0
Venlo,Limburg,the Netherlands,NL,1,amenities,point,"{""amenity"": ""True""}",landuse,polygon,"{""landuse"": ""True""}",region,all,all,50,boundary,1,1,0
Roosendaal,Noord-Brabant,the Netherlands,NL,1,amenities,point,"{""amenity"": ""True""}",landuse,polygon,"{""landuse"": ""True""}",region,all,all,50,boundary,1,1,0
Deventer,Overijssel,the Netherlands,NL,1,amenities,point,"{""amenity"": ""True""}",landuse,polygon,"{""landuse"": ""True""}",region,all,all,50,boundary,1,1,0
Haarlemmermeer,Noord-Holland,the Netherlands,NL,1,amenities,point,"{""amenity"": ""True""}",landuse,polygon,"{""landuse"": ""True""}",region,all,all,50,boundary,1,1,0
Apeldoorn,Gelderland,the Netherlands,NL,1,amenities,point,"{""amenity"": ""True""}",landuse,polygon,"{""landuse"": ""True""}",region,all,all,50,boundary,1,1,0
Oss,Noord-Brabant,the Netherlands,NL,1,amenities,point,"{""amenity"": ""True""}",landuse,polygon,"{""landuse"": ""True""}",region,all,all,50,boundary,1,1,0
Leeuwarden,Fryslan,the Netherlands,NL,1,amenities,point,"{""amenity"": ""True""}",landuse,polygon,"{""landuse"": ""True""}",region,all,all,50,boundary,1,1,0
Meierijstad,Noord-Brabant,the Netherlands,NL,1,amenities,point,"{""amenity"": ""True""}",landuse,polygon,"{""landuse"": ""True""}",region,all,all,50,boundary,1,1,0
Ede,Gelderland,the Netherlands,NL,1,amenities,point,"{""amenity"": ""True""}",landuse,polygon,"{""landuse"": ""True""}",region,all,all,50,boundary,1,1,0
Emmen,Drenthe,the Netherlands,NL,1,amenities,point,"{""amenity"": ""True""}",landuse,polygon,"{""landuse"": ""True""}",region,all,all,50,boundary,1,1,0
Hoeksche Waard,Zuid-Holland,the Netherlands,NL,1,amenities,point,"{""amenity"": ""True""}",landuse,polygon,"{""landuse"": ""True""}",region,all,all,50,boundary,1,1,0
Lelystad,Flevoland,the Netherlands,NL,1,amenities,point,"{""amenity"": ""True""}",landuse,polygon,"{""landuse"": ""True""}",region,all,all,50,boundary,1,1,0
Aa en Hunze,Drenthe,the Netherlands,NL,1,amenities,point,"{""amenity"": ""True""}",landuse,polygon,"{""landuse"": ""True""}",region,all,all,50,boundary,1,1,0
De Bilt,Utrecht,the Netherlands,NL,1,amenities,point,"{""amenity"": ""True""}",landuse,polygon,"{""landuse"": ""True""}",region,all,all,50,boundary,1,1,0
Aalsmeer,Noord-Holland,the Netherlands,NL,1,amenities,point,"{""amenity"": ""True""}",landuse,polygon,"{""landuse"": ""True""}",region,all,all,50,boundary,1,1,0
Berkelland,Gelderland,the Netherlands,NL,1,amenities,point,"{""amenity"": ""True""}",landuse,polygon,"{""landuse"": ""True""}",region,all,all,50,boundary,1,1,0
Aalten,Gelderland,the Netherlands,NL,1,amenities,point,"{""amenity"": ""True""}",landuse,polygon,"{""landuse"": ""True""}",region,all,all,50,boundary,1,1,0
Achtkarspelen,Fryslan,the Netherlands,NL,1,amenities,point,"{""amenity"": ""True""}",landuse,polygon,"{""landuse"": ""True""}",region,all,all,50,boundary,1,1,0
Alblasserdam,Zuid-Holland,the Netherlands,NL,1,amenities,point,"{""amenity"": ""True""}",landuse,polygon,"{""landuse"": ""True""}",region,all,all,50,boundary,1,1,0
Albrandswaard,Zuid-Holland,the Netherlands,NL,1,amenities,point,"{""amenity"": ""True""}",landuse,polygon,"{""landuse"": ""True""}",region,all,all,50,boundary,1,1,0
Almelo,Overijssel,the Netherlands,NL,1,amenities,point,"{""amenity"": ""True""}",landuse,polygon,"{""landuse"": ""True""}",region,all,all,50,boundary,1,1,0
Alphen-Chaam,Noord-Brabant,the Netherlands,NL,1,amenities,point,"{""amenity"": ""True""}",landuse,polygon,"{""landuse"": ""True""}",region,all,all,50,boundary,1,1,0
Altena,Noord-Brabant,the Netherlands,NL,1,amenities,point,"{""amenity"": ""True""}",landuse,polygon,"{""landuse"": ""True""}",region,all,all,50,boundary,1,1,0
Ameland,Fryslan,the Netherlands,NL,1,amenities,point,"{""amenity"": ""True""}",landuse,polygon,"{""landuse"": ""True""}",region,all,all,50,boundary,1,1,0
Assen,Drenthe,the Netherlands,NL,1,amenities,point,"{""amenity"": ""True""}",landuse,polygon,"{""landuse"": ""True""}",region,all,all,50,boundary,1,1,0
Asten,Noord-Brabant,the Netherlands,NL,1,amenities,point,"{""amenity"": ""True""}",landuse,polygon,"{""landuse"": ""True""}",region,all,all,50,boundary,1,1,0
Baarle-Nassau,Noord-Brabant,the Netherlands,NL,1,amenities,point,"{""amenity"": ""True""}",landuse,polygon,"{""landuse"": ""True""}",region,all,all,50,boundary,1,1,0
Baarn,Utrecht,the Netherlands,NL,1,amenities,point,"{""amenity"": ""True""}",landuse,polygon,"{""landuse"": ""True""}",region,all,all,50,boundary,1,1,0
Barendrecht,Zuid-Holland,the Netherlands,NL,1,amenities,point,"{""amenity"": ""True""}",landuse,polygon,"{""landuse"": ""True""}",region,all,all,50,boundary,1,1,0
Barneveld,Gelderland,the Netherlands,NL,1,amenities,point,"{""amenity"": ""True""}",landuse,polygon,"{""landuse"": ""True""}",region,all,all,50,boundary,1,1,0
Beek,Limburg,the Netherlands,NL,1,amenities,point,"{""amenity"": ""True""}",landuse,polygon,"{""landuse"": ""True""}",region,all,all,50,boundary,1,1,0
Beekdaelen,Limburg,the Netherlands,NL,1,amenities,point,"{""amenity"": ""True""}",landuse,polygon,"{""landuse"": ""True""}",region,all,all,50,boundary,1,1,0
Beesel,Limburg,the Netherlands,NL,1,amenities,point,"{""amenity"": ""True""}",landuse,polygon,"{""landuse"": ""True""}",region,all,all,50,boundary,1,1,0
Berg en Dal,Gelderland,the Netherlands,NL,1,amenities,point,"{""amenity"": ""True""}",landuse,polygon,"{""landuse"": ""True""}",region,all,all,50,boundary,1,1,0
Bergeijk,Noord-Brabant,the Netherlands,NL,1,amenities,point,"{""amenity"": ""True""}",landuse,polygon,"{""landuse"": ""True""}",region,all,all,50,boundary,1,1,0
Bergen (L.),Limburg,the Netherlands,NL,1,amenities,point,"{""amenity"": ""True""}",landuse,polygon,"{""landuse"": ""True""}",region,all,all,50,boundary,1,1,0
Bergen (NH.),Noord-Holland,the Netherlands,NL,1,amenities,point,"{""amenity"": ""True""}",landuse,polygon,"{""landuse"": ""True""}",region,all,all,50,boundary,1,1,0
Bergen op Zoom,Noord-Brabant,the Netherlands,NL,1,amenities,point,"{""amenity"": ""True""}",landuse,polygon,"{""landuse"": ""True""}",region,all,all,50,boundary,1,1,0
Bernheze,Noord-Brabant,the Netherlands,NL,1,amenities,point,"{""amenity"": ""True""}",landuse,polygon,"{""landuse"": ""True""}",region,all,all,50,boundary,1,1,0
Best,Noord-Brabant,the Netherlands,NL,1,amenities,point,"{""amenity"": ""True""}",landuse,polygon,"{""landuse"": ""True""}",region,all,all,50,boundary,1,1,0
Beuningen,Gelderland,the Netherlands,NL,1,amenities,point,"{""amenity"": ""True""}",landuse,polygon,"{""landuse"": ""True""}",region,all,all,50,boundary,1,1,0
Beverwijk,Noord-Holland,the Netherlands,NL,1,amenities,point,"{""amenity"": ""True""}",landuse,polygon,"{""landuse"": ""True""}",region,all,all,50,boundary,1,1,0
De Bilt,Utrecht,the Netherlands,NL,1,amenities,point,"{""amenity"": ""True""}",landuse,polygon,"{""landuse"": ""True""}",region,all,all,50,boundary,1,1,0
Bladel,Noord-Brabant,the Netherlands,NL,1,amenities,point,"{""amenity"": ""True""}",landuse,polygon,"{""landuse"": ""True""}",region,all,all,50,boundary,1,1,0
Blaricum,Noord-Holland,the Netherlands,NL,1,amenities,point,"{""amenity"": ""True""}",landuse,polygon,"{""landuse"": ""True""}",region,all,all,50,boundary,1,1,0
Bloemendaal,Noord-Holland,the Netherlands,NL,1,amenities,point,"{""amenity"": ""True""}",landuse,polygon,"{""landuse"": ""True""}",region,all,all,50,boundary,1,1,0
Bodegraven-Reeuwijk,Zuid-Holland,the Netherlands,NL,1,amenities,point,"{""amenity"": ""True""}",landuse,polygon,"{""landuse"": ""True""}",region,all,all,50,boundary,1,1,0
Boekel,Noord-Brabant,the Netherlands,NL,1,amenities,point,"{""amenity"": ""True""}",landuse,polygon,"{""landuse"": ""True""}",region,all,all,50,boundary,1,1,0
Borger-Odoorn,Drenthe,the Netherlands,NL,1,amenities,point,"{""amenity"": ""True""}",landuse,polygon,"{""landuse"": ""True""}",region,all,all,50,boundary,1,1,0
Borne,Overijssel,the Netherlands,NL,1,amenities,point,"{""amenity"": ""True""}",landuse,polygon,"{""landuse"": ""True""}",region,all,all,50,boundary,1,1,0
Borsele,Zeeland,the Netherlands,NL,1,amenities,point,"{""amenity"": ""True""}",landuse,polygon,"{""landuse"": ""True""}",region,all,all,50,boundary,1,1,0
Boxtel,Noord-Brabant,the Netherlands,NL,1,amenities,point,"{""amenity"": ""True""}",landuse,polygon,"{""landuse"": ""True""}",region,all,all,50,boundary,1,1,0
Brielle,Zuid-Holland,the Netherlands,NL,1,amenities,point,"{""amenity"": ""True""}",landuse,polygon,"{""landuse"": ""True""}",region,all,all,50,boundary,1,1,0
Bronckhorst,Gelderland,the Netherlands,NL,1,amenities,point,"{""amenity"": ""True""}",landuse,polygon,"{""landuse"": ""True""}",region,all,all,50,boundary,1,1,0
Brummen,Gelderland,the Netherlands,NL,1,amenities,point,"{""amenity"": ""True""}",landuse,polygon,"{""landuse"": ""True""}",region,all,all,50,boundary,1,1,0
Brunssum,Limburg,the Netherlands,NL,1,amenities,point,"{""amenity"": ""True""}",landuse,polygon,"{""landuse"": ""True""}",region,all,all,50,boundary,1,1,0
Bunnik,Utrecht,the Netherlands,NL,1,amenities,point,"{""amenity"": ""True""}",landuse,polygon,"{""landuse"": ""True""}",region,all,all,50,boundary,1,1,0
Bunschoten,Utrecht,the Netherlands,NL,1,amenities,point,"{""amenity"": ""True""}",landuse,polygon,"{""landuse"": ""True""}",region,all,all,50,boundary,1,1,0
Buren,Gelderland,the Netherlands,NL,1,amenities,point,"{""amenity"": ""True""}",landuse,polygon,"{""landuse"": ""True""}",region,all,all,50,boundary,1,1,0
Capelle aan den IJssel,Zuid-Holland,the Netherlands,NL,1,amenities,point,"{""amenity"": ""True""}",landuse,polygon,"{""landuse"": ""True""}",region,all,all,50,boundary,1,1,0
Castricum,Noord-Holland,the Netherlands,NL,1,amenities,point,"{""amenity"": ""True""}",landuse,polygon,"{""landuse"": ""True""}",region,all,all,50,boundary,1,1,0
Coevorden,Drenthe,the Netherlands,NL,1,amenities,point,"{""amenity"": ""True""}",landuse,polygon,"{""landuse"": ""True""}",region,all,all,50,boundary,1,1,0
Cranendonck,Noord-Brabant,the Netherlands,NL,1,amenities,point,"{""amenity"": ""True""}",landuse,polygon,"{""landuse"": ""True""}",region,all,all,50,boundary,1,1,0
Culemborg,Gelderland,the Netherlands,NL,1,amenities,point,"{""amenity"": ""True""}",landuse,polygon,"{""landuse"": ""True""}",region,all,all,50,boundary,1,1,0
Dalfsen,Overijssel,the Netherlands,NL,1,amenities,point,"{""amenity"": ""True""}",landuse,polygon,"{""landuse"": ""True""}",region,all,all,50,boundary,1,1,0
Dantumadiel,Fryslan,the Netherlands,NL,1,amenities,point,"{""amenity"": ""True""}",landuse,polygon,"{""landuse"": ""True""}",region,all,all,50,boundary,1,1,0
Deurne,Noord-Brabant,the Netherlands,NL,1,amenities,point,"{""amenity"": ""True""}",landuse,polygon,"{""landuse"": ""True""}",region,all,all,50,boundary,1,1,0
Diemen,Noord-Holland,the Netherlands,NL,1,amenities,point,"{""amenity"": ""True""}",landuse,polygon,"{""landuse"": ""True""}",region,all,all,50,boundary,1,1,0
Dijk en Waard,Noord-Holland,the Netherlands,NL,1,amenities,point,"{""amenity"": ""True""}",landuse,polygon,"{""landuse"": ""True""}",region,all,all,50,boundary,1,1,0
Dinkelland,Overijssel,the Netherlands,NL,1,amenities,point,"{""amenity"": ""True""}",landuse,polygon,"{""landuse"": ""True""}",region,all,all,50,boundary,1,1,0
Doesburg,Gelderland,the Netherlands,NL,1,amenities,point,"{""amenity"": ""True""}",landuse,polygon,"{""landuse"": ""True""}",region,all,all,50,boundary,1,1,0
Doetinchem,Gelderland,the Netherlands,NL,1,amenities,point,"{""amenity"": ""True""}",landuse,polygon,"{""landuse"": ""True""}",region,all,all,50,boundary,1,1,0
Dongen,Noord-Brabant,the Netherlands,NL,1,amenities,point,"{""amenity"": ""True""}",landuse,polygon,"{""landuse"": ""True""}",region,all,all,50,boundary,1,1,0
Drechterland,Noord-Holland,the Netherlands,NL,1,amenities,point,"{""amenity"": ""True""}",landuse,polygon,"{""landuse"": ""True""}",region,all,all,50,boundary,1,1,0
Drimmelen,Noord-Brabant,the Netherlands,NL,1,amenities,point,"{""amenity"": ""True""}",landuse,polygon,"{""landuse"": ""True""}",region,all,all,50,boundary,1,1,0
Dronten,Flevoland,the Netherlands,NL,1,amenities,point,"{""amenity"": ""True""}",landuse,polygon,"{""landuse"": ""True""}",region,all,all,50,boundary,1,1,0
Druten,Gelderland,the Netherlands,NL,1,amenities,point,"{""amenity"": ""True""}",landuse,polygon,"{""landuse"": ""True""}",region,all,all,50,boundary,1,1,0
Duiven,Gelderland,the Netherlands,NL,1,amenities,point,"{""amenity"": ""True""}",landuse,polygon,"{""landuse"": ""True""}",region,all,all,50,boundary,1,1,0
Echt-Susteren,Limburg,the Netherlands,NL,1,amenities,point,"{""amenity"": ""True""}",landuse,polygon,"{""landuse"": ""True""}",region,all,all,50,boundary,1,1,0
Edam-Volendam,Noord-Holland,the Netherlands,NL,1,amenities,point,"{""amenity"": ""True""}",landuse,polygon,"{""landuse"": ""True""}",region,all,all,50,boundary,1,1,0
Eemnes,Utrecht,the Netherlands,NL,1,amenities,point,"{""amenity"": ""True""}",landuse,polygon,"{""landuse"": ""True""}",region,all,all,50,boundary,1,1,0
Eemsdelta,Groningen,the Netherlands,NL,1,amenities,point,"{""amenity"": ""True""}",landuse,polygon,"{""landuse"": ""True""}",region,all,all,50,boundary,1,1,0
Eersel,Noord-Brabant,the Netherlands,NL,1,amenities,point,"{""amenity"": ""True""}",landuse,polygon,"{""landuse"": ""True""}",region,all,all,50,boundary,1,1,0
Eijsden-Margraten,Limburg,the Netherlands,NL,1,amenities,point,"{""amenity"": ""True""}",landuse,polygon,"{""landuse"": ""True""}",region,all,all,50,boundary,1,1,0
Elburg,Gelderland,the Netherlands,NL,1,amenities,point,"{""amenity"": ""True""}",landuse,polygon,"{""landuse"": ""True""}",region,all,all,50,boundary,1,1,0
Enkhuizen,Noord-Holland,the Netherlands,NL,1,amenities,point,"{""amenity"": ""True""}",landuse,polygon,"{""landuse"": ""True""}",region,all,all,50,boundary,1,1,0
Epe,Gelderland,the Netherlands,NL,1,amenities,point,"{""amenity"": ""True""}",landuse,polygon,"{""landuse"": ""True""}",region,all,all,50,boundary,1,1,0
Ermelo,Gelderland,the Netherlands,NL,1,amenities,point,"{""amenity"": ""True""}",landuse,polygon,"{""landuse"": ""True""}",region,all,all,50,boundary,1,1,0
Etten-Leur,Noord-Brabant,the Netherlands,NL,1,amenities,point,"{""amenity"": ""True""}",landuse,polygon,"{""landuse"": ""True""}",region,all,all,50,boundary,1,1,0
De Fryske Marren,Fryslan,the Netherlands,NL,1,amenities,point,"{""amenity"": ""True""}",landuse,polygon,"{""landuse"": ""True""}",region,all,all,50,boundary,1,1,0
Geertruidenberg,Noord-Brabant,the Netherlands,NL,1,amenities,point,"{""amenity"": ""True""}",landuse,polygon,"{""landuse"": ""True""}",region,all,all,50,boundary,1,1,0
Geldrop-Mierlo,Noord-Brabant,the Netherlands,NL,1,amenities,point,"{""amenity"": ""True""}",landuse,polygon,"{""landuse"": ""True""}",region,all,all,50,boundary,1,1,0
Gemert-Bakel,Noord-Brabant,the Netherlands,NL,1,amenities,point,"{""amenity"": ""True""}",landuse,polygon,"{""landuse"": ""True""}",region,all,all,50,boundary,1,1,0
Gennep,Limburg,the Netherlands,NL,1,amenities,point,"{""amenity"": ""True""}",landuse,polygon,"{""landuse"": ""True""}",region,all,all,50,boundary,1,1,0
Gilze en Rijen,Noord-Brabant,the Netherlands,NL,1,amenities,point,"{""amenity"": ""True""}",landuse,polygon,"{""landuse"": ""True""}",region,all,all,50,boundary,1,1,0
Goeree-Overflakkee,Zuid-Holland,the Netherlands,NL,1,amenities,point,"{""amenity"": ""True""}",landuse,polygon,"{""landuse"": ""True""}",region,all,all,50,boundary,1,1,0
Goes,Zeeland,the Netherlands,NL,1,amenities,point,"{""amenity"": ""True""}",landuse,polygon,"{""landuse"": ""True""}",region,all,all,50,boundary,1,1,0
Goirle,Noord-Brabant,the Netherlands,NL,1,amenities,point,"{""amenity"": ""True""}",landuse,polygon,"{""landuse"": ""True""}",region,all,all,50,boundary,1,1,0
Gooise Meren,Noord-Holland,the Netherlands,NL,1,amenities,point,"{""amenity"": ""True""}",landuse,polygon,"{""landuse"": ""True""}",region,all,all,50,boundary,1,1,0
Gorinchem,Zuid-Holland,the Netherlands,NL,1,amenities,point,"{""amenity"": ""True""}",landuse,polygon,"{""landuse"": ""True""}",region,all,all,50,boundary,1,1,0
Gulpen-Wittem,Limburg,the Netherlands,NL,1,amenities,point,"{""amenity"": ""True""}",landuse,polygon,"{""landuse"": ""True""}",region,all,all,50,boundary,1,1,0
Haaksbergen,Overijssel,the Netherlands,NL,1,amenities,point,"{""amenity"": ""True""}",landuse,polygon,"{""landuse"": ""True""}",region,all,all,50,boundary,1,1,0
Halderberge,Noord-Brabant,the Netherlands,NL,1,amenities,point,"{""amenity"": ""True""}",landuse,polygon,"{""landuse"": ""True""}",region,all,all,50,boundary,1,1,0
Hardenberg,Overijssel,the Netherlands,NL,1,amenities,point,"{""amenity"": ""True""}",landuse,polygon,"{""landuse"": ""True""}",region,all,all,50,boundary,1,1,0
Harderwijk,Gelderland,the Netherlands,NL,1,amenities,point,"{""amenity"": ""True""}",landuse,polygon,"{""landuse"": ""True""}",region,all,all,50,boundary,1,1,0
Hardinxveld-Giessendam,Zuid-Holland,the Netherlands,NL,1,amenities,point,"{""amenity"": ""True""}",landuse,polygon,"{""landuse"": ""True""}",region,all,all,50,boundary,1,1,0
Harlingen,Fryslan,the Netherlands,NL,1,amenities,point,"{""amenity"": ""True""}",landuse,polygon,"{""landuse"": ""True""}",region,all,all,50,boundary,1,1,0
Hattem,Gelderland,the Netherlands,NL,1,amenities,point,"{""amenity"": ""True""}",landuse,polygon,"{""landuse"": ""True""}",region,all,all,50,boundary,1,1,0
Heemskerk,Noord-Holland,the Netherlands,NL,1,amenities,point,"{""amenity"": ""True""}",landuse,polygon,"{""landuse"": ""True""}",region,all,all,50,boundary,1,1,0
Heemstede,Noord-Holland,the Netherlands,NL,1,amenities,point,"{""amenity"": ""True""}",landuse,polygon,"{""landuse"": ""True""}",region,all,all,50,boundary,1,1,0
Heerde,Gelderland,the Netherlands,NL,1,amenities,point,"{""amenity"": ""True""}",landuse,polygon,"{""landuse"": ""True""}",region,all,all,50,boundary,1,1,0
Heerenveen,Fryslan,the Netherlands,NL,1,amenities,point,"{""amenity"": ""True""}",landuse,polygon,"{""landuse"": ""True""}",region,all,all,50,boundary,1,1,0
Heeze-Leende,Noord-Brabant,the Netherlands,NL,1,amenities,point,"{""amenity"": ""True""}",landuse,polygon,"{""landuse"": ""True""}",region,all,all,50,boundary,1,1,0
Heiloo,Noord-Holland,the Netherlands,NL,1,amenities,point,"{""amenity"": ""True""}",landuse,polygon,"{""landuse"": ""True""}",region,all,all,50,boundary,1,1,0
Den Helder,Noord-Holland,the Netherlands,NL,1,amenities,point,"{""amenity"": ""True""}",landuse,polygon,"{""landuse"": ""True""}",region,all,all,50,boundary,1,1,0
Hellendoorn,Overijssel,the Netherlands,NL,1,amenities,point,"{""amenity"": ""True""}",landuse,polygon,"{""landuse"": ""True""}",region,all,all,50,boundary,1,1,0
Hellevoetsluis,Zuid-Holland,the Netherlands,NL,1,amenities,point,"{""amenity"": ""True""}",landuse,polygon,"{""landuse"": ""True""}",region,all,all,50,boundary,1,1,0
Hendrik-Ido-Ambacht,Zuid-Holland,the Netherlands,NL,1,amenities,point,"{""amenity"": ""True""}",landuse,polygon,"{""landuse"": ""True""}",region,all,all,50,boundary,1,1,0
Heumen,Gelderland,the Netherlands,NL,1,amenities,point,"{""amenity"": ""True""}",landuse,polygon,"{""landuse"": ""True""}",region,all,all,50,boundary,1,1,0
Heusden,Noord-Brabant,the Netherlands,NL,1,amenities,point,"{""amenity"": ""True""}",landuse,polygon,"{""landuse"": ""True""}",region,all,all,50,boundary,1,1,0
Hillegom,Zuid-Holland,the Netherlands,NL,1,amenities,point,"{""amenity"": ""True""}",landuse,polygon,"{""landuse"": ""True""}",region,all,all,50,boundary,1,1,0
Hilvarenbeek,Noord-Brabant,the Netherlands,NL,1,amenities,point,"{""amenity"": ""True""}",landuse,polygon,"{""landuse"": ""True""}",region,all,all,50,boundary,1,1,0
Hof van Twente,Overijssel,the Netherlands,NL,1,amenities,point,"{""amenity"": ""True""}",landuse,polygon,"{""landuse"": ""True""}",region,all,all,50,boundary,1,1,0
Het Hogeland,Groningen,the Netherlands,NL,1,amenities,point,"{""amenity"": ""True""}",landuse,polygon,"{""landuse"": ""True""}",region,all,all,50,boundary,1,1,0
Hollands Kroon,Noord-Holland,the Netherlands,NL,1,amenities,point,"{""amenity"": ""True""}",landuse,polygon,"{""landuse"": ""True""}",region,all,all,50,boundary,1,1,0
Hoogeveen,Drenthe,the Netherlands,NL,1,amenities,point,"{""amenity"": ""True""}",landuse,polygon,"{""landuse"": ""True""}",region,all,all,50,boundary,1,1,0
Hoorn,Noord-Holland,the Netherlands,NL,1,amenities,point,"{""amenity"": ""True""}",landuse,polygon,"{""landuse"": ""True""}",region,all,all,50,boundary,1,1,0
Horst aan de Maas,Limburg,the Netherlands,NL,1,amenities,point,"{""amenity"": ""True""}",landuse,polygon,"{""landuse"": ""True""}",region,all,all,50,boundary,1,1,0
Houten,Utrecht,the Netherlands,NL,1,amenities,point,"{""amenity"": ""True""}",landuse,polygon,"{""landuse"": ""True""}",region,all,all,50,boundary,1,1,0
Huizen,Noord-Holland,the Netherlands,NL,1,amenities,point,"{""amenity"": ""True""}",landuse,polygon,"{""landuse"": ""True""}",region,all,all,50,boundary,1,1,0
Hulst,Zeeland,the Netherlands,NL,1,amenities,point,"{""amenity"": ""True""}",landuse,polygon,"{""landuse"": ""True""}",region,all,all,50,boundary,1,1,0
IJsselstein,Utrecht,the Netherlands,NL,1,amenities,point,"{""amenity"": ""True""}",landuse,polygon,"{""landuse"": ""True""}",region,all,all,50,boundary,1,1,0
Kaag en Braassem,Zuid-Holland,the Netherlands,NL,1,amenities,point,"{""amenity"": ""True""}",landuse,polygon,"{""landuse"": ""True""}",region,all,all,50,boundary,1,1,0
Kampen,Overijssel,the Netherlands,NL,1,amenities,point,"{""amenity"": ""True""}",landuse,polygon,"{""landuse"": ""True""}",region,all,all,50,boundary,1,1,0
Kapelle,Zeeland,the Netherlands,NL,1,amenities,point,"{""amenity"": ""True""}",landuse,polygon,"{""landuse"": ""True""}",region,all,all,50,boundary,1,1,0
Katwijk,Zuid-Holland,the Netherlands,NL,1,amenities,point,"{""amenity"": ""True""}",landuse,polygon,"{""landuse"": ""True""}",region,all,all,50,boundary,1,1,0
Kerkrade,Limburg,the Netherlands,NL,1,amenities,point,"{""amenity"": ""True""}",landuse,polygon,"{""landuse"": ""True""}",region,all,all,50,boundary,1,1,0
Koggenland,Noord-Holland,the Netherlands,NL,1,amenities,point,"{""amenity"": ""True""}",landuse,polygon,"{""landuse"": ""True""}",region,all,all,50,boundary,1,1,0
Krimpen aan den IJssel,Zuid-Holland,the Netherlands,NL,1,amenities,point,"{""amenity"": ""True""}",landuse,polygon,"{""landuse"": ""True""}",region,all,all,50,boundary,1,1,0
Krimpenerwaard,Zuid-Holland,the Netherlands,NL,1,amenities,point,"{""amenity"": ""True""}",landuse,polygon,"{""landuse"": ""True""}",region,all,all,50,boundary,1,1,0
Laarbeek,Noord-Brabant,the Netherlands,NL,1,amenities,point,"{""amenity"": ""True""}",landuse,polygon,"{""landuse"": ""True""}",region,all,all,50,boundary,1,1,0
Land van Cuijk,Noord-Brabant,the Netherlands,NL,1,amenities,point,"{""amenity"": ""True""}",landuse,polygon,"{""landuse"": ""True""}",region,all,all,50,boundary,1,1,0
Landgraaf,Limburg,the Netherlands,NL,1,amenities,point,"{""amenity"": ""True""}",landuse,polygon,"{""landuse"": ""True""}",region,all,all,50,boundary,1,1,0
Landsmeer,Noord-Holland,the Netherlands,NL,1,amenities,point,"{""amenity"": ""True""}",landuse,polygon,"{""landuse"": ""True""}",region,all,all,50,boundary,1,1,0
Lansingerland,Zuid-Holland,the Netherlands,NL,1,amenities,point,"{""amenity"": ""True""}",landuse,polygon,"{""landuse"": ""True""}",region,all,all,50,boundary,1,1,0
Laren,Noord-Holland,the Netherlands,NL,1,amenities,point,"{""amenity"": ""True""}",landuse,polygon,"{""landuse"": ""True""}",region,all,all,50,boundary,1,1,0
Leiderdorp,Zuid-Holland,the Netherlands,NL,1,amenities,point,"{""amenity"": ""True""}",landuse,polygon,"{""landuse"": ""True""}",region,all,all,50,boundary,1,1,0
Leudal,Limburg,the Netherlands,NL,1,amenities,point,"{""amenity"": ""True""}",landuse,polygon,"{""landuse"": ""True""}",region,all,all,50,boundary,1,1,0
Leusden,Utrecht,the Netherlands,NL,1,amenities,point,"{""amenity"": ""True""}",landuse,polygon,"{""landuse"": ""True""}",region,all,all,50,boundary,1,1,0
Lingewaard,Gelderland,the Netherlands,NL,1,amenities,point,"{""amenity"": ""True""}",landuse,polygon,"{""landuse"": ""True""}",region,all,all,50,boundary,1,1,0
Lisse,Zuid-Holland,the Netherlands,NL,1,amenities,point,"{""amenity"": ""True""}",landuse,polygon,"{""landuse"": ""True""}",region,all,all,50,boundary,1,1,0
Lochem,Gelderland,the Netherlands,NL,1,amenities,point,"{""amenity"": ""True""}",landuse,polygon,"{""landuse"": ""True""}",region,all,all,50,boundary,1,1,0
Loon op Zand,Noord-Brabant,the Netherlands,NL,1,amenities,point,"{""amenity"": ""True""}",landuse,polygon,"{""landuse"": ""True""}",region,all,all,50,boundary,1,1,0
Lopik,Utrecht,the Netherlands,NL,1,amenities,point,"{""amenity"": ""True""}",landuse,polygon,"{""landuse"": ""True""}",region,all,all,50,boundary,1,1,0
Losser,Overijssel,the Netherlands,NL,1,amenities,point,"{""amenity"": ""True""}",landuse,polygon,"{""landuse"": ""True""}",region,all,all,50,boundary,1,1,0
Maasdriel,Gelderland,the Netherlands,NL,1,amenities,point,"{""amenity"": ""True""}",landuse,polygon,"{""landuse"": ""True""}",region,all,all,50,boundary,1,1,0
Maasgouw,Limburg,the Netherlands,NL,1,amenities,point,"{""amenity"": ""True""}",landuse,polygon,"{""landuse"": ""True""}",region,all,all,50,boundary,1,1,0
Maashorst,Noord-Brabant,the Netherlands,NL,1,amenities,point,"{""amenity"": ""True""}",landuse,polygon,"{""landuse"": ""True""}",region,all,all,50,boundary,1,1,0
Maassluis,Zuid-Holland,the Netherlands,NL,1,amenities,point,"{""amenity"": ""True""}",landuse,polygon,"{""landuse"": ""True""}",region,all,all,50,boundary,1,1,0
Medemblik,Noord-Holland,the Netherlands,NL,1,amenities,point,"{""amenity"": ""True""}",landuse,polygon,"{""landuse"": ""True""}",region,all,all,50,boundary,1,1,0
Meerssen,Limburg,the Netherlands,NL,1,amenities,point,"{""amenity"": ""True""}",landuse,polygon,"{""landuse"": ""True""}",region,all,all,50,boundary,1,1,0
Meppel,Drenthe,the Netherlands,NL,1,amenities,point,"{""amenity"": ""True""}",landuse,polygon,"{""landuse"": ""True""}",region,all,all,50,boundary,1,1,0
Middelburg,Zeeland,the Netherlands,NL,1,amenities,point,"{""amenity"": ""True""}",landuse,polygon,"{""landuse"": ""True""}",region,all,all,50,boundary,1,1,0
Midden-Delfland,Zuid-Holland,the Netherlands,NL,1,amenities,point,"{""amenity"": ""True""}",landuse,polygon,"{""landuse"": ""True""}",region,all,all,50,boundary,1,1,0
Midden-Drenthe,Drenthe,the Netherlands,NL,1,amenities,point,"{""amenity"": ""True""}",landuse,polygon,"{""landuse"": ""True""}",region,all,all,50,boundary,1,1,0
Midden-Groningen,Groningen,the Netherlands,NL,1,amenities,point,"{""amenity"": ""True""}",landuse,polygon,"{""landuse"": ""True""}",region,all,all,50,boundary,1,1,0
Moerdijk,Noord-Brabant,the Netherlands,NL,1,amenities,point,"{""amenity"": ""True""}",landuse,polygon,"{""landuse"": ""True""}",region,all,all,50,boundary,1,1,0
Molenlanden,Zuid-Holland,the Netherlands,NL,1,amenities,point,"{""amenity"": ""True""}",landuse,polygon,"{""landuse"": ""True""}",region,all,all,50,boundary,1,1,0
Montferland,Gelderland,the Netherlands,NL,1,amenities,point,"{""amenity"": ""True""}",landuse,polygon,"{""landuse"": ""True""}",region,all,all,50,boundary,1,1,0
Montfoort,Utrecht,the Netherlands,NL,1,amenities,point,"{""amenity"": ""True""}",landuse,polygon,"{""landuse"": ""True""}",region,all,all,50,boundary,1,1,0
Mook en Middelaar,Limburg,the Netherlands,NL,1,amenities,point,"{""amenity"": ""True""}",landuse,polygon,"{""landuse"": ""True""}",region,all,all,50,boundary,1,1,0
Neder-Betuwe,Gelderland,the Netherlands,NL,1,amenities,point,"{""amenity"": ""True""}",landuse,polygon,"{""landuse"": ""True""}",region,all,all,50,boundary,1,1,0
Nederweert,Limburg,the Netherlands,NL,1,amenities,point,"{""amenity"": ""True""}",landuse,polygon,"{""landuse"": ""True""}",region,all,all,50,boundary,1,1,0
Nieuwegein,Utrecht,the Netherlands,NL,1,amenities,point,"{""amenity"": ""True""}",landuse,polygon,"{""landuse"": ""True""}",region,all,all,50,boundary,1,1,0
Nieuwkoop,Zuid-Holland,the Netherlands,NL,1,amenities,point,"{""amenity"": ""True""}",landuse,polygon,"{""landuse"": ""True""}",region,all,all,50,boundary,1,1,0
Nijkerk,Gelderland,the Netherlands,NL,1,amenities,point,"{""amenity"": ""True""}",landuse,polygon,"{""landuse"": ""True""}",region,all,all,50,boundary,1,1,0
Noardeast-Fryslan,Fryslan,the Netherlands,NL,1,amenities,point,"{""amenity"": ""True""}",landuse,polygon,"{""landuse"": ""True""}",region,all,all,50,boundary,1,1,0
Noord-Beveland,Zeeland,the Netherlands,NL,1,amenities,point,"{""amenity"": ""True""}",landuse,polygon,"{""landuse"": ""True""}",region,all,all,50,boundary,1,1,0
Noordenveld,Drenthe,the Netherlands,NL,1,amenities,point,"{""amenity"": ""True""}",landuse,polygon,"{""landuse"": ""True""}",region,all,all,50,boundary,1,1,0
Noordoostpolder,Flevoland,the Netherlands,NL,1,amenities,point,"{""amenity"": ""True""}",landuse,polygon,"{""landuse"": ""True""}",region,all,all,50,boundary,1,1,0
Noordwijk,Zuid-Holland,the Netherlands,NL,1,amenities,point,"{""amenity"": ""True""}",landuse,polygon,"{""landuse"": ""True""}",region,all,all,50,boundary,1,1,0
Nuenen,Noord-Brabant,the Netherlands,NL,1,amenities,point,"{""amenity"": ""True""}",landuse,polygon,"{""landuse"": ""True""}",region,all,all,50,boundary,1,1,0
Nunspeet,Gelderland,the Netherlands,NL,1,amenities,point,"{""amenity"": ""True""}",landuse,polygon,"{""landuse"": ""True""}",region,all,all,50,boundary,1,1,0
Oegstgeest,Zuid-Holland,the Netherlands,NL,1,amenities,point,"{""amenity"": ""True""}",landuse,polygon,"{""landuse"": ""True""}",region,all,all,50,boundary,1,1,0
Oirschot,Noord-Brabant,the Netherlands,NL,1,amenities,point,"{""amenity"": ""True""}",landuse,polygon,"{""landuse"": ""True""}",region,all,all,50,boundary,1,1,0
Oisterwijk,Noord-Brabant,the Netherlands,NL,1,amenities,point,"{""amenity"": ""True""}",landuse,polygon,"{""landuse"": ""True""}",region,all,all,50,boundary,1,1,0
Oldambt,Groningen,the Netherlands,NL,1,amenities,point,"{""amenity"": ""True""}",landuse,polygon,"{""landuse"": ""True""}",region,all,all,50,boundary,1,1,0
Oldebroek,Gelderland,the Netherlands,NL,1,amenities,point,"{""amenity"": ""True""}",landuse,polygon,"{""landuse"": ""True""}",region,all,all,50,boundary,1,1,0
Oldenzaal,Overijssel,the Netherlands,NL,1,amenities,point,"{""amenity"": ""True""}",landuse,polygon,"{""landuse"": ""True""}",region,all,all,50,boundary,1,1,0
Olst-Wijhe,Overijssel,the Netherlands,NL,1,amenities,point,"{""amenity"": ""True""}",landuse,polygon,"{""landuse"": ""True""}",region,all,all,50,boundary,1,1,0
Ommen,Overijssel,the Netherlands,NL,1,amenities,point,"{""amenity"": ""True""}",landuse,polygon,"{""landuse"": ""True""}",region,all,all,50,boundary,1,1,0
Oost Gelre,Gelderland,the Netherlands,NL,1,amenities,point,"{""amenity"": ""True""}",landuse,polygon,"{""landuse"": ""True""}",region,all,all,50,boundary,1,1,0
Oosterhout,Noord-Brabant,the Netherlands,NL,1,amenities,point,"{""amenity"": ""True""}",landuse,polygon,"{""landuse"": ""True""}",region,all,all,50,boundary,1,1,0
Ooststellingwerf,Fryslan,the Netherlands,NL,1,amenities,point,"{""amenity"": ""True""}",landuse,polygon,"{""landuse"": ""True""}",region,all,all,50,boundary,1,1,0
Oostzaan,Noord-Holland,the Netherlands,NL,1,amenities,point,"{""amenity"": ""True""}",landuse,polygon,"{""landuse"": ""True""}",region,all,all,50,boundary,1,1,0
Opmeer,Noord-Holland,the Netherlands,NL,1,amenities,point,"{""amenity"": ""True""}",landuse,polygon,"{""landuse"": ""True""}",region,all,all,50,boundary,1,1,0
Opsterland,Fryslan,the Netherlands,NL,1,amenities,point,"{""amenity"": ""True""}",landuse,polygon,"{""landuse"": ""True""}",region,all,all,50,boundary,1,1,0
Oude IJsselstreek,Gelderland,the Netherlands,NL,1,amenities,point,"{""amenity"": ""True""}",landuse,polygon,"{""landuse"": ""True""}",region,all,all,50,boundary,1,1,0
Ouder-Amstel,Noord-Holland,the Netherlands,NL,1,amenities,point,"{""amenity"": ""True""}",landuse,polygon,"{""landuse"": ""True""}",region,all,all,50,boundary,1,1,0
Oudewater,Utrecht,the Netherlands,NL,1,amenities,point,"{""amenity"": ""True""}",landuse,polygon,"{""landuse"": ""True""}",region,all,all,50,boundary,1,1,0
Overbetuwe,Gelderland,the Netherlands,NL,1,amenities,point,"{""amenity"": ""True""}",landuse,polygon,"{""landuse"": ""True""}",region,all,all,50,boundary,1,1,0
Papendrecht,Zuid-Holland,the Netherlands,NL,1,amenities,point,"{""amenity"": ""True""}",landuse,polygon,"{""landuse"": ""True""}",region,all,all,50,boundary,1,1,0
Peel en Maas,Limburg,the Netherlands,NL,1,amenities,point,"{""amenity"": ""True""}",landuse,polygon,"{""landuse"": ""True""}",region,all,all,50,boundary,1,1,0
Pekela,Groningen,the Netherlands,NL,1,amenities,point,"{""amenity"": ""True""}",landuse,polygon,"{""landuse"": ""True""}",region,all,all,50,boundary,1,1,0
Pijnacker-Nootdorp,Zuid-Holland,the Netherlands,NL,1,amenities,point,"{""amenity"": ""True""}",landuse,polygon,"{""landuse"": ""True""}",region,all,all,50,boundary,1,1,0
Putten,Gelderland,the Netherlands,NL,1,amenities,point,"{""amenity"": ""True""}",landuse,polygon,"{""landuse"": ""True""}",region,all,all,50,boundary,1,1,0
Raalte,Overijssel,the Netherlands,NL,1,amenities,point,"{""amenity"": ""True""}",landuse,polygon,"{""landuse"": ""True""}",region,all,all,50,boundary,1,1,0
Reimerswaal,Zeeland,the Netherlands,NL,1,amenities,point,"{""amenity"": ""True""}",landuse,polygon,"{""landuse"": ""True""}",region,all,all,50,boundary,1,1,0
Renkum,Gelderland,the Netherlands,NL,1,amenities,point,"{""amenity"": ""True""}",landuse,polygon,"{""landuse"": ""True""}",region,all,all,50,boundary,1,1,0
Renswoude,Utrecht,the Netherlands,NL,1,amenities,point,"{""amenity"": ""True""}",landuse,polygon,"{""landuse"": ""True""}",region,all,all,50,boundary,1,1,0
Reusel-De Mierden,Noord-Brabant,the Netherlands,NL,1,amenities,point,"{""amenity"": ""True""}",landuse,polygon,"{""landuse"": ""True""}",region,all,all,50,boundary,1,1,0
Rheden,Gelderland,the Netherlands,NL,1,amenities,point,"{""amenity"": ""True""}",landuse,polygon,"{""landuse"": ""True""}",region,all,all,50,boundary,1,1,0
Rhenen,Utrecht,the Netherlands,NL,1,amenities,point,"{""amenity"": ""True""}",landuse,polygon,"{""landuse"": ""True""}",region,all,all,50,boundary,1,1,0
Ridderkerk,Zuid-Holland,the Netherlands,NL,1,amenities,point,"{""amenity"": ""True""}",landuse,polygon,"{""landuse"": ""True""}",region,all,all,50,boundary,1,1,0
Rijssen-Holten,Overijssel,the Netherlands,NL,1,amenities,point,"{""amenity"": ""True""}",landuse,polygon,"{""landuse"": ""True""}",region,all,all,50,boundary,1,1,0
Rijswijk,Zuid-Holland,the Netherlands,NL,1,amenities,point,"{""amenity"": ""True""}",landuse,polygon,"{""landuse"": ""True""}",region,all,all,50,boundary,1,1,0
Roerdalen,Limburg,the Netherlands,NL,1,amenities,point,"{""amenity"": ""True""}",landuse,polygon,"{""landuse"": ""True""}",region,all,all,50,boundary,1,1,0
Roermond,Limburg,the Netherlands,NL,1,amenities,point,"{""amenity"": ""True""}",landuse,polygon,"{""landuse"": ""True""}",region,all,all,50,boundary,1,1,0
De Ronde Venen,Utrecht,the Netherlands,NL,1,amenities,point,"{""amenity"": ""True""}",landuse,polygon,"{""landuse"": ""True""}",region,all,all,50,boundary,1,1,0
Rozendaal,Gelderland,the Netherlands,NL,1,amenities,point,"{""amenity"": ""True""}",landuse,polygon,"{""landuse"": ""True""}",region,all,all,50,boundary,1,1,0
Rucphen,Noord-Brabant,the Netherlands,NL,1,amenities,point,"{""amenity"": ""True""}",landuse,polygon,"{""landuse"": ""True""}",region,all,all,50,boundary,1,1,0
Schagen,Noord-Holland,the Netherlands,NL,1,amenities,point,"{""amenity"": ""True""}",landuse,polygon,"{""landuse"": ""True""}",region,all,all,50,boundary,1,1,0
Scherpenzeel,Gelderland,the Netherlands,NL,1,amenities,point,"{""amenity"": ""True""}",landuse,polygon,"{""landuse"": ""True""}",region,all,all,50,boundary,1,1,0
Schiermonnikoog,Fryslan,the Netherlands,NL,1,amenities,point,"{""amenity"": ""True""}",landuse,polygon,"{""landuse"": ""True""}",region,all,all,50,boundary,1,1,0
Schouwen-Duiveland,Zeeland,the Netherlands,NL,1,amenities,point,"{""amenity"": ""True""}",landuse,polygon,"{""landuse"": ""True""}",region,all,all,50,boundary,1,1,0
Simpelveld,Limburg,the Netherlands,NL,1,amenities,point,"{""amenity"": ""True""}",landuse,polygon,"{""landuse"": ""True""}",region,all,all,50,boundary,1,1,0
Sint-Michielsgestel,Noord-Brabant,the Netherlands,NL,1,amenities,point,"{""amenity"": ""True""}",landuse,polygon,"{""landuse"": ""True""}",region,all,all,50,boundary,1,1,0
Sliedrecht,Zuid-Holland,the Netherlands,NL,1,amenities,point,"{""amenity"": ""True""}",landuse,polygon,"{""landuse"": ""True""}",region,all,all,50,boundary,1,1,0
Sluis,Zeeland,the Netherlands,NL,1,amenities,point,"{""amenity"": ""True""}",landuse,polygon,"{""landuse"": ""True""}",region,all,all,50,boundary,1,1,0
Smallingerland,Fryslan,the Netherlands,NL,1,amenities,point,"{""amenity"": ""True""}",landuse,polygon,"{""landuse"": ""True""}",region,all,all,50,boundary,1,1,0
Soest,Utrecht,the Netherlands,NL,1,amenities,point,"{""amenity"": ""True""}",landuse,polygon,"{""landuse"": ""True""}",region,all,all,50,boundary,1,1,0
Someren,Noord-Brabant,the Netherlands,NL,1,amenities,point,"{""amenity"": ""True""}",landuse,polygon,"{""landuse"": ""True""}",region,all,all,50,boundary,1,1,0
Son en Breugel,Noord-Brabant,the Netherlands,NL,1,amenities,point,"{""amenity"": ""True""}",landuse,polygon,"{""landuse"": ""True""}",region,all,all,50,boundary,1,1,0
Stadskanaal,Groningen,the Netherlands,NL,1,amenities,point,"{""amenity"": ""True""}",landuse,polygon,"{""landuse"": ""True""}",region,all,all,50,boundary,1,1,0
Staphorst,Overijssel,the Netherlands,NL,1,amenities,point,"{""amenity"": ""True""}",landuse,polygon,"{""landuse"": ""True""}",region,all,all,50,boundary,1,1,0
Stede Broec,Noord-Holland,the Netherlands,NL,1,amenities,point,"{""amenity"": ""True""}",landuse,polygon,"{""landuse"": ""True""}",region,all,all,50,boundary,1,1,0
Steenbergen,Noord-Brabant,the Netherlands,NL,1,amenities,point,"{""amenity"": ""True""}",landuse,polygon,"{""landuse"": ""True""}",region,all,all,50,boundary,1,1,0
Steenwijkerland,Overijssel,the Netherlands,NL,1,amenities,point,"{""amenity"": ""True""}",landuse,polygon,"{""landuse"": ""True""}",region,all,all,50,boundary,1,1,0
Stein,Limburg,the Netherlands,NL,1,amenities,point,"{""amenity"": ""True""}",landuse,polygon,"{""landuse"": ""True""}",region,all,all,50,boundary,1,1,0
Stichtse Vecht,Utrecht,the Netherlands,NL,1,amenities,point,"{""amenity"": ""True""}",landuse,polygon,"{""landuse"": ""True""}",region,all,all,50,boundary,1,1,0
Sudwest-Fryslan,Fryslan,the Netherlands,NL,1,amenities,point,"{""amenity"": ""True""}",landuse,polygon,"{""landuse"": ""True""}",region,all,all,50,boundary,1,1,0
Terneuzen,Zeeland,the Netherlands,NL,1,amenities,point,"{""amenity"": ""True""}",landuse,polygon,"{""landuse"": ""True""}",region,all,all,50,boundary,1,1,0
Terschelling,Fryslan,the Netherlands,NL,1,amenities,point,"{""amenity"": ""True""}",landuse,polygon,"{""landuse"": ""True""}",region,all,all,50,boundary,1,1,0
Texel,Noord-Holland,the Netherlands,NL,1,amenities,point,"{""amenity"": ""True""}",landuse,polygon,"{""landuse"": ""True""}",region,all,all,50,boundary,1,1,0
Teylingen,Zuid-Holland,the Netherlands,NL,1,amenities,point,"{""amenity"": ""True""}",landuse,polygon,"{""landuse"": ""True""}",region,all,all,50,boundary,1,1,0
Tholen,Zeeland,the Netherlands,NL,1,amenities,point,"{""amenity"": ""True""}",landuse,polygon,"{""landuse"": ""True""}",region,all,all,50,boundary,1,1,0
Tiel,Gelderland,the Netherlands,NL,1,amenities,point,"{""amenity"": ""True""}",landuse,polygon,"{""landuse"": ""True""}",region,all,all,50,boundary,1,1,0
Tubbergen,Overijssel,the Netherlands,NL,1,amenities,point,"{""amenity"": ""True""}",landuse,polygon,"{""landuse"": ""True""}",region,all,all,50,boundary,1,1,0
Twenterand,Overijssel,the Netherlands,NL,1,amenities,point,"{""amenity"": ""True""}",landuse,polygon,"{""landuse"": ""True""}",region,all,all,50,boundary,1,1,0
Tynaarlo,Drenthe,the Netherlands,NL,1,amenities,point,"{""amenity"": ""True""}",landuse,polygon,"{""landuse"": ""True""}",region,all,all,50,boundary,1,1,0
Tytsjerksteradiel,Fryslan,the Netherlands,NL,1,amenities,point,"{""amenity"": ""True""}",landuse,polygon,"{""landuse"": ""True""}",region,all,all,50,boundary,1,1,0
Uitgeest,Noord-Holland,the Netherlands,NL,1,amenities,point,"{""amenity"": ""True""}",landuse,polygon,"{""landuse"": ""True""}",region,all,all,50,boundary,1,1,0
Uithoorn,Noord-Holland,the Netherlands,NL,1,amenities,point,"{""amenity"": ""True""}",landuse,polygon,"{""landuse"": ""True""}",region,all,all,50,boundary,1,1,0
Urk,Flevoland,the Netherlands,NL,1,amenities,point,"{""amenity"": ""True""}",landuse,polygon,"{""landuse"": ""True""}",region,all,all,50,boundary,1,1,0
Utrechtse Heuvelrug,Utrecht,the Netherlands,NL,1,amenities,point,"{""amenity"": ""True""}",landuse,polygon,"{""landuse"": ""True""}",region,all,all,50,boundary,1,1,0
Vaals,Limburg,the Netherlands,NL,1,amenities,point,"{""amenity"": ""True""}",landuse,polygon,"{""landuse"": ""True""}",region,all,all,50,boundary,1,1,0
Valkenburg aan de Geul,Limburg,the Netherlands,NL,1,amenities,point,"{""amenity"": ""True""}",landuse,polygon,"{""landuse"": ""True""}",region,all,all,50,boundary,1,1,0
Valkenswaard,Noord-Brabant,the Netherlands,NL,1,amenities,point,"{""amenity"": ""True""}",landuse,polygon,"{""landuse"": ""True""}",region,all,all,50,boundary,1,1,0
Veendam,Groningen,the Netherlands,NL,1,amenities,point,"{""amenity"": ""True""}",landuse,polygon,"{""landuse"": ""True""}",region,all,all,50,boundary,1,1,0
Veenendaal,Utrecht,the Netherlands,NL,1,amenities,point,"{""amenity"": ""True""}",landuse,polygon,"{""landuse"": ""True""}",region,all,all,50,boundary,1,1,0
Veere,Zeeland,the Netherlands,NL,1,amenities,point,"{""amenity"": ""True""}",landuse,polygon,"{""landuse"": ""True""}",region,all,all,50,boundary,1,1,0
Veldhoven,Noord-Brabant,the Netherlands,NL,1,amenities,point,"{""amenity"": ""True""}",landuse,polygon,"{""landuse"": ""True""}",region,all,all,50,boundary,1,1,0
Velsen,Noord-Holland,the Netherlands,NL,1,amenities,point,"{""amenity"": ""True""}",landuse,polygon,"{""landuse"": ""True""}",region,all,all,50,boundary,1,1,0
Venray,Limburg,the Netherlands,NL,1,amenities,point,"{""amenity"": ""True""}",landuse,polygon,"{""landuse"": ""True""}",region,all,all,50,boundary,1,1,0
Vijfheerenlanden,Utrecht,the Netherlands,NL,1,amenities,point,"{""amenity"": ""True""}",landuse,polygon,"{""landuse"": ""True""}",region,all,all,50,boundary,1,1,0
Vlieland,Fryslan,the Netherlands,NL,1,amenities,point,"{""amenity"": ""True""}",landuse,polygon,"{""landuse"": ""True""}",region,all,all,50,boundary,1,1,0
Vlissingen,Zeeland,the Netherlands,NL,1,amenities,point,"{""amenity"": ""True""}",landuse,polygon,"{""landuse"": ""True""}",region,all,all,50,boundary,1,1,0
Voerendaal,Limburg,the Netherlands,NL,1,amenities,point,"{""amenity"": ""True""}",landuse,polygon,"{""landuse"": ""True""}",region,all,all,50,boundary,1,1,0
Voorschoten,Zuid-Holland,the Netherlands,NL,1,amenities,point,"{""amenity"": ""True""}",landuse,polygon,"{""landuse"": ""True""}",region,all,all,50,boundary,1,1,0
Voorst,Gelderland,the Netherlands,NL,1,amenities,point,"{""amenity"": ""True""}",landuse,polygon,"{""landuse"": ""True""}",region,all,all,50,boundary,1,1,0
Vught,Noord-Brabant,the Netherlands,NL,1,amenities,point,"{""amenity"": ""True""}",landuse,polygon,"{""landuse"": ""True""}",region,all,all,50,boundary,1,1,0
Waadhoeke,Fryslan,the Netherlands,NL,1,amenities,point,"{""amenity"": ""True""}",landuse,polygon,"{""landuse"": ""True""}",region,all,all,50,boundary,1,1,0
Waalre,Noord-Brabant,the Netherlands,NL,1,amenities,point,"{""amenity"": ""True""}",landuse,polygon,"{""landuse"": ""True""}",region,all,all,50,boundary,1,1,0
Waalwijk,Noord-Brabant,the Netherlands,NL,1,amenities,point,"{""amenity"": ""True""}",landuse,polygon,"{""landuse"": ""True""}",region,all,all,50,boundary,1,1,0
Waddinxveen,Zuid-Holland,the Netherlands,NL,1,amenities,point,"{""amenity"": ""True""}",landuse,polygon,"{""landuse"": ""True""}",region,all,all,50,boundary,1,1,0
Wageningen,Gelderland,the Netherlands,NL,1,amenities,point,"{""amenity"": ""True""}",landuse,polygon,"{""landuse"": ""True""}",region,all,all,50,boundary,1,1,0
Wassenaar,Zuid-Holland,the Netherlands,NL,1,amenities,point,"{""amenity"": ""True""}",landuse,polygon,"{""landuse"": ""True""}",region,all,all,50,boundary,1,1,0
Waterland,Noord-Holland,the Netherlands,NL,1,amenities,point,"{""amenity"": ""True""}",landuse,polygon,"{""landuse"": ""True""}",region,all,all,50,boundary,1,1,0
Weert,Limburg,the Netherlands,NL,1,amenities,point,"{""amenity"": ""True""}",landuse,polygon,"{""landuse"": ""True""}",region,all,all,50,boundary,1,1,0
Weesp,Noord-Holland,the Netherlands,NL,1,amenities,point,"{""amenity"": ""True""}",landuse,polygon,"{""landuse"": ""True""}",region,all,all,50,boundary,1,1,0
West Betuwe,Gelderland,the Netherlands,NL,1,amenities,point,"{""amenity"": ""True""}",landuse,polygon,"{""landuse"": ""True""}",region,all,all,50,boundary,1,1,0
West Maas en Waal,Gelderland,the Netherlands,NL,1,amenities,point,"{""amenity"": ""True""}",landuse,polygon,"{""landuse"": ""True""}",region,all,all,50,boundary,1,1,0
Westerkwartier,Groningen,the Netherlands,NL,1,amenities,point,"{""amenity"": ""True""}",landuse,polygon,"{""landuse"": ""True""}",region,all,all,50,boundary,1,1,0
Westerveld,Drenthe,the Netherlands,NL,1,amenities,point,"{""amenity"": ""True""}",landuse,polygon,"{""landuse"": ""True""}",region,all,all,50,boundary,1,1,0
Westervoort,Gelderland,the Netherlands,NL,1,amenities,point,"{""amenity"": ""True""}",landuse,polygon,"{""landuse"": ""True""}",region,all,all,50,boundary,1,1,0
Westerwolde,Groningen,the Netherlands,NL,1,amenities,point,"{""amenity"": ""True""}",landuse,polygon,"{""landuse"": ""True""}",region,all,all,50,boundary,1,1,0
Weststellingwerf,Fryslan,the Netherlands,NL,1,amenities,point,"{""amenity"": ""True""}",landuse,polygon,"{""landuse"": ""True""}",region,all,all,50,boundary,1,1,0
Westvoorne,Zuid-Holland,the Netherlands,NL,1,amenities,point,"{""amenity"": ""True""}",landuse,polygon,"{""landuse"": ""True""}",region,all,all,50,boundary,1,1,0
Wierden,Overijssel,the Netherlands,NL,1,amenities,point,"{""amenity"": ""True""}",landuse,polygon,"{""landuse"": ""True""}",region,all,all,50,boundary,1,1,0
Wijchen,Gelderland,the Netherlands,NL,1,amenities,point,"{""amenity"": ""True""}",landuse,polygon,"{""landuse"": ""True""}",region,all,all,50,boundary,1,1,0
Wijdemeren,Noord-Holland,the Netherlands,NL,1,amenities,point,"{""amenity"": ""True""}",landuse,polygon,"{""landuse"": ""True""}",region,all,all,50,boundary,1,1,0
Wijk bij Duurstede,Utrecht,the Netherlands,NL,1,amenities,point,"{""amenity"": ""True""}",landuse,polygon,"{""landuse"": ""True""}",region,all,all,50,boundary,1,1,0
Winterswijk,Gelderland,the Netherlands,NL,1,amenities,point,"{""amenity"": ""True""}",landuse,polygon,"{""landuse"": ""True""}",region,all,all,50,boundary,1,1,0
Woensdrecht,Noord-Brabant,the Netherlands,NL,1,amenities,point,"{""amenity"": ""True""}",landuse,polygon,"{""landuse"": ""True""}",region,all,all,50,boundary,1,1,0
Woerden,Utrecht,the Netherlands,NL,1,amenities,point,"{""amenity"": ""True""}",landuse,polygon,"{""landuse"": ""True""}",region,all,all,50,boundary,1,1,0
De Wolden,Drenthe,the Netherlands,NL,1,amenities,point,"{""amenity"": ""True""}",landuse,polygon,"{""landuse"": ""True""}",region,all,all,50,boundary,1,1,0
Wormerland,Noord-Holland,the Netherlands,NL,1,amenities,point,"{""amenity"": ""True""}",landuse,polygon,"{""landuse"": ""True""}",region,all,all,50,boundary,1,1,0
Woudenberg,Utrecht,the Netherlands,NL,1,amenities,point,"{""amenity"": ""True""}",landuse,polygon,"{""landuse"": ""True""}",region,all,all,50,boundary,1,1,0
Zaltbommel,Gelderland,the Netherlands,NL,1,amenities,point,"{""amenity"": ""True""}",landuse,polygon,"{""landuse"": ""True""}",region,all,all,50,boundary,1,1,0
Zandvoort,Noord-Holland,the Netherlands,NL,1,amenities,point,"{""amenity"": ""True""}",landuse,polygon,"{""landuse"": ""True""}",region,all,all,50,boundary,1,1,0
Zeewolde,Flevoland,the Netherlands,NL,1,amenities,point,"{""amenity"": ""True""}",landuse,polygon,"{""landuse"": ""True""}",region,all,all,50,boundary,1,1,0
Zeist,Utrecht,the Netherlands,NL,1,amenities,point,"{""amenity"": ""True""}",landuse,polygon,"{""landuse"": ""True""}",region,all,all,50,boundary,1,1,0
Zevenaar,Gelderland,the Netherlands,NL,1,amenities,point,"{""amenity"": ""True""}",landuse,polygon,"{""landuse"": ""True""}",region,all,all,50,boundary,1,1,0
Zoeterwoude,Zuid-Holland,the Netherlands,NL,1,amenities,point,"{""amenity"": ""True""}",landuse,polygon,"{""landuse"": ""True""}",region,all,all,50,boundary,1,1,0
Zuidplas,Zuid-Holland,the Netherlands,NL,1,amenities,point,"{""amenity"": ""True""}",landuse,polygon,"{""landuse"": ""True""}",region,all,all,50,boundary,1,1,0
Zundert,Noord-Brabant,the Netherlands,NL,1,amenities,point,"{""amenity"": ""True""}",landuse,polygon,"{""landuse"": ""True""}",region,all,all,50,boundary,1,1,0
Zutphen,Gelderland,the Netherlands,NL,1,amenities,point,"{""amenity"": ""True""}",landuse,polygon,"{""landuse"": ""True""}",region,all,all,50,boundary,1,1,0
Zwartewaterland,Overijssel,the Netherlands,NL,1,amenities,point,"{""amenity"": ""True""}",landuse,polygon,"{""landuse"": ""True""}",region,all,all,50,boundary,1,1,0
Zwijndrecht,Zuid-Holland,the Netherlands,NL,1,amenities,point,"{""amenity"": ""True""}",landuse,polygon,"{""landuse"": ""True""}",region,all,all,50,boundary,1,1,0
